"id","role","member_id"
159,회계팀원,281
160,회계팀장,281
161,전체,282
162,전체,283
163,전체,284
164,전체,285
330,회계팀원,281
331,전체,281
332,회계팀장,281
333,회계팀원,281
334,전체,281
335,회계팀장,281
336,회계팀원,281
337,전체,281
338,회계팀장,281
339,회계팀원,281
340,전체,281
341,회계팀장,281
342,회계팀원,281
343,전체,281
344,회계팀장,281
345,회계팀원,281
346,전체,281
347,회계팀장,281
348,회계팀원,281
349,전체,281
350,회계팀장,281
351,회계팀원,281
352,전체,281
353,회계팀장,281
354,회계팀원,281
355,전체,281
356,회계팀장,281
357,회계팀원,281
358,전체,281
359,회계팀장,281
360,회계팀원,281
361,전체,281
362,회계팀장,281
363,회계팀원,281
364,전체,281
365,회계팀장,281
366,회계팀원,281
367,전체,281
368,회계팀장,281
369,회계팀원,281
370,전체,281
371,회계팀장,281
372,회계팀원,281
373,전체,281
374,회계팀장,281
375,회계팀원,281
376,전체,281
377,회계팀장,281
378,회계팀원,281
379,전체,281
380,회계팀장,281
381,회계팀원,281
382,전체,281
383,회계팀장,281
384,회계팀원,281
385,전체,281
386,회계팀장,281
